x,y,recode_level_total
15,77,9
16,14,4
16,76,9
16,77,55
17,12,4
17,13,4
17,14,1
17,15,6
17,72,2
17,76,14
17,73,5
17,74,1
18,11,5
18,12,2
18,16,5
18,72,3
18,76,5
18,74,4
18,71,4
18,75,12
19,10,6
19,11,3
19,16,4
19,70,2
19,74,37
19,71,1
19,75,5
20,10,11
20,16,2
20,17,1
20,70,3
20,74,18
21,8,12
21,9,29
21,10,24
21,17,3
21,72,2
21,69,1
21,73,6
21,70,2
21,74,2
22,7,20
22,8,6
22,9,8
22,10,3
22,17,4
22,72,3
22,69,3
22,71,6
23,6,45
23,7,20
23,10,8
23,17,3
23,69,6
23,70,5
24,10,3
24,11,6
24,17,2
24,18,1
24,24,2
24,25,5
24,68,5
24,69,5
25,11,4
25,12,2
25,18,4
25,24,5
25,25,3
25,26,1
25,68,4
25,67,4
26,12,5
26,18,3
26,24,4
26,26,3
26,38,1
26,40,2
26,68,4
26,39,4
26,66,2
26,67,3
27,12,4
27,18,3
27,24,1
27,25,3
27,27,2
27,38,3
27,40,1
27,42,1
27,68,2
27,37,3
27,41,4
27,66,4
28,12,2
28,13,3
28,18,3
28,19,1
28,25,3
28,27,2
28,42,3
28,68,2
28,65,4
28,37,4
28,66,1
29,13,4
29,19,3
29,25,1
29,26,3
29,28,2
29,42,1
29,44,1
29,64,9
29,68,2
29,65,12
29,37,4
29,43,4
29,63,9
30,13,4
30,19,3
30,26,3
30,28,1
30,29,2
30,44,6
30,46,12
30,62,7
30,64,5
30,68,2
30,37,4
30,43,2
30,45,12
30,47,7
30,63,5
30,66,10
31,13,6
31,19,1
31,20,2
31,27,4
31,29,1
31,30,1
31,42,5
31,48,12
31,62,7
31,64,1
31,68,2
31,37,4
31,43,3
31,47,12
31,61,3
31,63,3
31,66,1
31,67,8
32,14,6
32,20,4
32,27,1
32,28,3
32,30,2
32,38,3
32,40,3
32,68,5
32,69,1
32,37,1
32,41,4
32,61,8
32,63,4
32,67,5
34,15,4
34,21,2
34,22,1
34,29,6
34,30,8
34,31,6
34,32,2
34,36,11
34,38,1
34,60,3
34,62,2
34,69,10
34,33,2
34,39,5
34,59,3
34,61,3
34,70,7
34,71,1
36,15,3
36,21,6
36,22,3
36,23,3
36,24,6
36,25,5
36,26,4
36,27,4
36,28,5
36,29,1
36,30,1
36,31,5
36,36,8
36,40,2
36,58,3
36,60,9
36,62,3
36,76,2
36,35,1
36,37,3
36,57,16
36,59,14
36,61,4
36,63,8
36,70,2
36,74,6
36,75,8
38,16,3
38,21,6
38,25,2
38,26,2
38,31,1
38,32,3
38,36,9
38,38,1
38,40,1
38,58,5
38,64,5
38,72,1
38,33,2
38,37,1
38,41,1
38,57,14
38,59,2
38,63,4
38,78,51
38,71,1
38,79,7
40,12,13
40,13,2
40,14,3
40,15,1
40,17,2
40,21,7
40,24,1
40,25,3
40,28,4
40,32,3
40,34,5
40,36,4
40,50,7
40,52,7
40,54,8
40,56,2
40,60,7
40,62,4
40,64,3
40,72,1
40,65,4
40,35,3
40,37,1
40,39,3
40,41,2
40,49,5
40,53,7
40,55,5
40,57,21
40,61,11
40,66,3
40,78,12
42,13,1
42,14,3
42,17,20
42,18,61
42,19,21
42,20,26
42,21,12
42,22,8
42,23,1
42,25,1
42,26,9
42,29,2
42,30,5
42,31,2
42,34,2
42,36,12
42,40,11
42,42,1
42,48,23
42,50,1
42,56,9
42,58,10
42,60,6
42,62,1
42,69,4
42,73,3
42,33,2
42,35,12
42,37,3
42,39,7
42,41,1
42,47,1
42,49,7
42,55,4
42,57,1
42,59,19
42,61,4
42,70,1
42,78,11
44,16,9
44,17,9
44,18,33
44,19,13
44,20,96
44,22,3
44,26,3
44,27,11
44,28,1
44,31,1
44,32,11
44,34,14
44,36,3
44,38,5
44,42,5
44,44,1
44,46,14
44,50,8
44,54,15
44,56,3
44,58,24
44,60,26
44,62,5
44,72,3
44,76,11
44,73,9
44,33,18
44,35,3
44,37,4
44,41,9
44,43,10
44,45,6
44,47,6
44,53,3
44,55,8
44,57,3
44,59,4
44,61,7
44,63,12
44,70,4
44,74,2
44,78,6
44,75,1
44,79,7
46,11,2
46,12,11
46,13,3
46,14,4
46,15,6
46,16,9
46,17,12
46,18,18
46,19,23
46,23,1
46,24,2
46,26,2
46,27,14
46,28,7
46,29,1
46,30,9
46,31,8
46,32,3
46,34,79
46,36,29
46,38,15
46,40,6
46,42,4
46,44,29
46,46,6
46,48,6
46,50,13
46,52,17
46,58,4
46,60,10
46,62,3
46,69,8
46,73,3
46,77,5
46,33,44
46,35,35
46,37,57
46,39,11
46,41,22
46,43,8
46,45,4
46,47,3
46,49,9
46,51,24
46,53,12
46,57,17
46,61,5
46,63,4
46,70,2
46,78,7
46,71,13
48,13,1
48,14,12
48,17,5
48,18,8
48,19,51
48,20,47
48,21,12
48,22,34
48,23,19
48,24,9
48,25,10
48,26,3
48,28,13
48,30,4
48,31,6
48,32,14
48,34,20
48,36,20
48,38,6
48,40,3
48,42,3
48,44,11
48,46,4
48,48,9
48,50,12
48,54,10
48,56,22
48,58,4
48,60,2
48,68,6
48,72,7
48,76,1
48,65,2
48,73,1
48,33,12
48,35,13
48,37,13
48,39,11
48,41,8
48,43,5
48,45,22
48,47,9
48,49,14
48,51,16
48,55,19
48,57,6
48,59,7
48,61,3
48,66,1
48,70,2
48,71,10
48,75,7
50,15,4
50,16,7
50,17,5
50,18,22
50,19,19
50,20,23
50,21,1
50,22,7
50,23,5
50,24,4
50,27,3
50,28,10
50,30,4
50,31,10
50,32,35
50,34,14
50,36,20
50,38,6
50,40,9
50,42,9
50,44,23
50,46,28
50,48,15
50,50,8
50,52,28
50,54,15
50,56,5
50,58,7
50,60,1
50,62,2
50,64,3
50,68,4
50,72,40
50,65,4
50,69,1
50,73,19
50,33,33
50,35,23
50,37,2
50,39,3
50,41,2
50,43,12
50,45,14
50,47,1
50,49,4
50,51,12
50,53,14
50,55,8
50,57,4
50,59,2
50,61,1
50,63,1
50,66,4
50,70,9
50,74,4
50,67,3
50,71,4
52,16,44
52,17,27
52,20,9
52,21,7
52,22,9
52,23,10
52,24,7
52,25,2
52,28,7
52,29,42
52,30,4
52,31,4
52,32,6
52,34,14
52,36,8
52,38,2
52,40,12
52,42,5
52,44,19
52,46,28
52,48,30
52,50,10
52,52,36
52,54,30
52,56,10
52,68,2
52,72,1
52,65,1
52,69,17
52,33,27
52,35,25
52,37,1
52,39,4
52,41,5
52,43,9
52,45,20
52,47,33
52,49,14
52,51,20
52,53,6
52,55,7
52,59,5
52,61,3
52,63,3
52,66,4
52,70,15
52,67,8
52,71,7
54,15,9
54,17,57
54,19,1
54,20,14
54,21,5
54,22,6
54,23,14
54,24,5
54,25,1
54,26,4
54,27,6
54,28,8
54,29,18
54,30,6
54,31,12
54,32,13
54,34,14
54,36,2
54,38,16
54,40,17
54,42,48
54,44,28
54,46,26
54,48,17
54,50,12
54,52,7
54,54,10
54,56,8
54,58,2
54,60,5
54,64,1
54,68,7
54,69,17
54,33,12
54,35,14
54,37,17
54,39,16
54,41,12
54,43,22
54,45,25
54,47,28
54,49,17
54,51,20
54,53,17
54,55,14
54,57,2
54,59,2
54,63,7
54,66,11
54,70,2
54,67,6
56,15,9
56,19,1
56,20,11
56,21,7
56,22,3
56,23,11
56,24,8
56,25,26
56,26,11
56,27,14
56,28,14
56,29,25
56,30,48
56,31,30
56,32,9
56,34,21
56,36,5
56,38,22
56,40,24
56,42,17
56,44,34
56,46,39
56,48,20
56,50,10
56,52,17
56,54,20
56,56,7
56,60,3
56,62,1
56,64,7
56,68,14
56,65,4
56,69,3
56,33,20
56,35,22
56,37,5
56,39,16
56,41,30
56,43,18
56,45,29
56,47,21
56,49,7
56,51,34
56,53,27
56,59,1
56,61,7
56,63,7
56,66,9
56,67,13
58,15,10
58,20,19
58,21,26
58,22,23
58,23,23
58,24,15
58,25,33
58,26,24
58,27,25
58,28,30
58,29,38
58,30,27
58,31,26
58,32,23
58,34,50
58,36,30
58,38,22
58,40,19
58,42,17
58,44,53
58,46,24
58,48,35
58,50,12
58,52,10
58,54,6
58,56,6
58,58,4
58,60,7
58,62,6
58,64,8
58,68,2
58,65,12
58,69,5
58,33,26
58,35,49
58,37,20
58,39,25
58,41,15
58,43,40
58,45,44
58,47,21
58,49,11
58,51,21
58,53,24
58,57,12
58,59,2
58,61,4
58,63,4
58,66,2
58,67,27
60,15,11
60,20,10
60,21,7
60,22,8
60,23,23
60,24,9
60,25,18
60,26,6
60,27,24
60,28,29
60,29,30
60,30,58
60,31,37
60,32,19
60,34,24
60,36,63
60,38,56
60,40,48
60,42,16
60,44,13
60,46,65
60,48,35
60,50,44
60,52,15
60,54,8
60,56,12
60,58,12
60,60,6
60,62,19
60,64,4
60,68,4
60,65,12
60,69,6
60,81,5
60,33,43
60,35,58
60,37,40
60,39,72
60,41,21
60,43,63
60,45,27
60,47,23
60,49,17
60,51,2
60,53,25
60,55,4
60,57,14
60,59,17
60,61,3
60,63,18
60,66,1
60,82,12
60,67,2
62,15,11
62,20,17
62,21,11
62,22,17
62,23,6
62,24,4
62,25,7
62,26,14
62,27,17
62,28,55
62,29,39
62,30,21
62,31,38
62,32,51
62,34,10
62,36,38
62,38,54
62,40,46
62,42,58
62,44,20
62,46,19
62,48,30
62,50,20
62,52,15
62,54,33
62,56,27
62,58,18
62,60,26
62,62,4
62,64,6
62,68,5
62,76,9
62,69,2
62,77,10
62,33,11
62,35,42
62,37,77
62,39,65
62,41,39
62,43,25
62,45,8
62,47,11
62,49,30
62,51,32
62,53,43
62,55,24
62,57,4
62,59,24
62,61,15
62,63,1
62,66,3
62,70,3
62,78,8
62,67,7
62,75,1
62,79,5
64,16,6
64,17,9
64,19,3
64,20,17
64,21,15
64,22,5
64,23,11
64,24,30
64,25,21
64,26,26
64,27,28
64,28,26
64,29,29
64,30,18
64,31,13
64,32,25
64,34,30
64,36,39
64,38,26
64,40,35
64,42,17
64,44,43
64,46,14
64,48,11
64,50,14
64,52,33
64,54,3
64,56,7
64,58,12
64,62,1
64,64,5
64,68,2
64,73,12
64,33,45
64,35,36
64,37,60
64,39,17
64,41,28
64,43,25
64,45,17
64,47,19
64,49,19
64,51,24
64,53,33
64,55,5
64,57,4
64,59,2
64,61,3
64,70,3
64,74,1
64,67,3
64,75,12
68,14,3
68,15,1
68,19,10
68,20,7
68,21,17
68,22,4
68,23,13
68,24,15
68,25,15
68,26,20
68,27,20
68,28,101
68,29,55
68,30,89
68,31,32
68,32,30
68,34,17
68,36,33
68,38,38
68,40,57
68,42,34
68,44,59
68,46,29
68,48,24
68,50,29
68,52,29
68,54,30
68,56,9
68,58,12
68,60,5
68,62,4
68,68,12
68,72,8
68,73,3
68,33,37
68,35,21
68,37,47
68,39,32
68,41,49
68,43,27
68,45,55
68,47,42
68,49,20
68,51,26
68,53,25
68,55,11
68,57,11
68,59,18
68,61,4
68,63,5
68,67,5
68,71,3
72,14,3
72,15,2
72,18,1
72,19,12
72,20,13
72,21,11
72,22,15
72,23,21
72,24,25
72,25,36
72,26,76
72,27,39
72,28,27
72,29,31
72,30,23
72,31,40
72,32,45
72,34,53
72,36,20
72,38,26
72,40,10
72,42,25
72,44,22
72,46,15
72,48,22
72,50,26
72,52,30
72,54,11
72,56,14
72,60,11
72,62,3
72,64,4
72,72,3
72,65,2
72,33,57
72,35,47
72,37,28
72,39,15
72,41,40
72,43,34
72,45,39
72,47,15
72,49,20
72,51,41
72,53,17
72,55,11
72,57,17
72,59,3
72,61,12
72,63,10
72,66,3
72,70,19
72,67,2
76,15,3
76,16,4
76,17,11
76,18,1
76,19,3
76,21,7
76,22,1
76,23,3
76,24,4
76,25,31
76,26,13
76,27,24
76,28,12
76,29,6
76,30,23
76,31,31
76,32,28
76,34,24
76,36,39
76,38,26
76,40,45
76,42,43
76,44,8
76,46,33
76,48,35
76,50,4
76,52,36
76,54,12
76,56,39
76,58,6
76,60,9
76,62,10
76,68,3
76,72,3
76,76,1
76,65,1
76,69,12
76,33,11
76,35,30
76,37,37
76,39,32
76,41,54
76,43,23
76,45,16
76,47,21
76,49,9
76,51,43
76,53,30
76,55,32
76,57,17
76,59,8
76,66,1
76,70,3
76,74,6
76,75,8
80,11,43
80,12,53
80,13,83
80,17,3
80,18,1
80,19,6
80,21,14
80,22,11
80,23,9
80,24,4
80,25,12
80,26,27
80,27,5
80,28,13
80,29,9
80,30,8
80,31,15
80,32,8
80,34,22
80,36,45
80,38,25
80,40,41
80,42,31
80,44,41
80,46,12
80,48,14
80,50,70
80,52,31
80,54,17
80,56,10
80,58,7
80,60,3
80,62,3
80,64,4
80,68,1
80,72,2
80,69,3
80,73,2
80,33,16
80,35,29
80,37,51
80,39,33
80,41,12
80,43,33
80,45,31
80,47,36
80,49,36
80,51,51
80,53,26
80,55,11
80,57,12
80,59,5
80,63,6
80,66,1
80,70,3
80,67,2
80,71,4
84,17,4
84,18,16
84,19,4
84,20,4
84,21,6
84,23,6
84,24,3
84,25,25
84,26,15
84,27,14
84,28,18
84,29,18
84,30,6
84,31,15
84,32,22
84,34,18
84,36,51
84,38,20
84,40,29
84,42,12
84,44,23
84,46,26
84,48,23
84,50,24
84,52,7
84,54,16
84,56,13
84,58,9
84,62,3
84,64,9
84,68,2
84,65,4
84,69,5
84,33,6
84,35,22
84,37,21
84,39,31
84,41,26
84,43,21
84,45,34
84,47,37
84,49,14
84,51,11
84,53,8
84,55,12
84,57,13
84,63,2
84,66,1
84,70,1
88,16,4
88,17,5
88,18,5
88,19,1
88,20,2
88,21,5
88,22,11
88,24,7
88,25,5
88,26,4
88,27,4
88,28,10
88,29,5
88,30,3
88,31,7
88,32,19
88,34,13
88,36,27
88,38,34
88,40,30
88,42,37
88,44,18
88,46,20
88,48,21
88,50,22
88,52,3
88,54,21
88,56,3
88,58,4
88,60,5
88,62,2
88,65,11
88,33,12
88,35,25
88,37,37
88,39,26
88,41,28
88,43,53
88,45,24
88,47,17
88,49,12
88,51,1
88,53,5
88,55,13
88,57,3
88,59,1
88,61,4
88,66,3
92,16,8
92,17,6
92,18,3
92,20,4
92,21,6
92,22,1
92,24,8
92,25,4
92,26,2
92,27,13
92,28,18
92,29,8
92,30,10
92,31,25
92,32,66
92,34,22
92,36,78
92,38,27
92,40,27
92,42,25
92,44,6
92,46,21
92,48,16
92,50,8
92,52,31
92,54,6
92,56,5
92,60,5
92,62,5
92,64,10
92,65,6
92,69,2
92,33,28
92,35,33
92,37,43
92,39,39
92,41,26
92,43,14
92,45,10
92,47,19
92,49,12
92,51,6
92,53,21
92,55,7
92,57,3
92,61,10
92,70,2
96,16,4
96,17,3
96,18,3
96,19,3
96,20,4
96,21,4
96,22,9
96,23,3
96,24,8
96,25,4
96,26,28
96,27,14
96,29,1
96,30,17
96,31,3
96,32,7
96,34,18
96,36,6
96,38,7
96,40,7
96,42,6
96,44,55
96,46,7
96,48,4
96,50,21
96,52,16
96,58,3
96,62,1
96,68,2
96,69,3
96,33,3
96,35,9
96,37,37
96,39,11
96,41,20
96,43,13
96,45,21
96,47,4
96,49,3
96,51,25
96,63,12
96,70,1
96,67,1
100,17,8
100,18,3
100,19,15
100,20,15
100,21,6
100,22,7
100,23,3
100,24,1
100,25,6
100,26,7
100,27,5
100,28,33
100,29,10
100,30,13
100,31,5
100,32,4
100,34,11
100,36,10
100,38,24
100,42,53
100,44,11
100,48,2
100,50,23
100,52,26
100,54,9
100,56,14
100,58,1
100,65,14
100,33,16
100,35,7
100,37,22
100,39,19
100,41,2
100,43,31
100,47,1
100,49,17
100,51,5
100,53,8
100,55,4
100,59,2
100,61,6
100,70,2
100,67,5
104,19,1
104,20,2
104,21,1
104,22,2
104,23,3
104,24,5
104,25,13
104,26,16
104,27,11
104,28,7
104,29,10
104,30,8
104,31,22
104,32,25
104,34,7
104,36,23
104,38,6
104,40,23
104,42,20
104,44,9
104,48,2
104,50,29
104,52,5
104,68,9
104,33,9
104,35,18
104,37,47
104,39,32
104,41,13
104,43,11
104,49,7
104,51,2
104,53,11
104,70,10
108,19,3
108,21,1
108,25,3
108,27,3
108,28,2
108,30,1
108,31,8
108,32,13
108,34,2
108,36,7
108,38,29
108,40,29
108,42,22
108,46,9
108,48,1
108,50,11
108,33,10
108,37,17
108,39,38
108,41,21
108,43,10
108,45,8
108,47,10
108,49,14
112,18,11
112,21,2
112,23,22
112,24,9
112,25,9
112,29,1
112,34,4
112,36,27
112,38,36
112,40,62
112,42,17
112,44,24
112,48,3
112,50,1
112,35,12
112,37,6
112,39,73
112,41,21
112,45,13
112,47,3
112,49,10
116,17,9
116,18,15
116,19,3
116,20,15
116,21,3
116,28,2
116,30,10
116,31,19
116,32,3
116,34,12
116,36,7
116,38,17
116,40,2
116,42,5
116,46,3
116,48,31
116,33,27
116,35,3
116,37,3
116,39,13
116,41,9
116,43,4
116,45,20
120,29,3
120,34,14
120,36,10
120,42,42
120,35,9
120,37,9
65,15,5
65,18,1
65,19,4
65,20,5
65,21,17
65,22,16
65,23,12
65,24,25
65,25,26
65,26,22
65,27,40
65,28,21
65,29,60
65,30,28
65,31,11
65,32,14
65,34,52
65,36,55
65,38,38
65,40,14
65,42,44
65,44,19
65,46,25
65,48,12
65,50,3
65,52,78
65,54,12
65,56,1
65,58,4
65,64,4
65,68,1
65,72,9
65,33,27
65,35,63
65,37,50
65,39,20
65,41,50
65,43,15
65,45,33
65,47,13
65,49,9
65,51,20
65,53,6
65,55,6
65,57,9
65,59,7
65,61,4
65,63,2
65,70,4
65,74,8
65,67,4
65,71,2
65,75,5
69,13,2
69,14,1
69,17,8
69,18,4
69,19,5
69,20,24
69,21,26
69,22,18
69,23,11
69,24,16
69,25,26
69,26,7
69,27,25
69,28,16
69,29,57
69,30,162
69,31,44
69,32,12
69,34,36
69,36,89
69,38,30
69,40,35
69,42,22
69,44,35
69,46,41
69,48,47
69,50,28
69,52,45
69,54,9
69,56,6
69,58,33
69,60,3
69,62,4
69,64,7
69,72,1
69,65,7
69,69,2
69,33,15
69,35,57
69,37,43
69,39,31
69,41,29
69,43,37
69,45,29
69,47,35
69,49,44
69,51,35
69,53,14
69,55,15
69,57,9
69,59,3
69,61,1
69,63,10
69,66,10
69,70,7
69,67,7
69,71,11
73,15,1
73,16,4
73,17,4
73,18,5
73,19,2
73,20,1
73,21,11
73,22,17
73,23,25
73,24,28
73,25,49
73,26,36
73,27,24
73,28,12
73,29,22
73,30,45
73,31,40
73,32,36
73,34,62
73,36,38
73,38,51
73,40,31
73,42,13
73,44,45
73,46,35
73,48,10
73,50,20
73,52,46
73,54,56
73,56,27
73,58,9
73,60,17
73,68,7
73,72,3
73,69,48
73,33,20
73,35,82
73,37,28
73,39,32
73,41,42
73,43,14
73,45,31
73,47,12
73,49,16
73,51,34
73,53,32
73,55,22
73,57,15
73,59,12
73,63,3
73,66,2
73,70,39
73,67,6
77,15,9
77,16,11
77,19,1
77,20,2
77,21,8
77,22,3
77,23,5
77,24,14
77,25,28
77,26,29
77,27,29
77,28,26
77,29,11
77,30,26
77,31,17
77,32,15
77,34,11
77,36,24
77,38,26
77,40,59
77,42,30
77,44,17
77,46,21
77,48,42
77,50,30
77,52,25
77,54,3
77,56,10
77,58,1
77,60,7
77,62,9
77,72,9
77,76,5
77,65,3
77,73,7
77,77,2
77,33,17
77,35,26
77,37,31
77,39,33
77,41,36
77,43,19
77,45,10
77,47,29
77,49,18
77,51,26
77,53,15
77,55,12
77,57,19
77,59,6
77,61,16
77,63,1
77,70,3
77,74,8
77,71,5
77,75,4
81,12,3
81,13,51
81,14,4
81,18,5
81,19,5
81,20,6
81,21,2
81,22,20
81,23,23
81,24,14
81,25,27
81,26,19
81,27,14
81,28,21
81,29,7
81,30,18
81,31,10
81,32,13
81,34,10
81,36,44
81,38,18
81,40,34
81,42,30
81,44,8
81,46,9
81,48,10
81,50,46
81,52,24
81,54,37
81,56,24
81,60,10
81,62,4
81,64,7
81,68,3
81,65,1
81,69,5
81,33,17
81,35,23
81,37,32
81,39,23
81,41,36
81,43,25
81,45,8
81,47,32
81,49,10
81,51,49
81,53,35
81,55,9
81,57,5
81,59,2
81,61,7
81,63,2
81,66,2
81,70,6
81,71,2
85,17,9
85,18,3
85,19,10
85,20,4
85,21,2
85,22,5
85,23,28
85,24,21
85,25,21
85,26,17
85,27,6
85,28,10
85,29,12
85,30,11
85,31,15
85,32,18
85,34,9
85,36,21
85,38,24
85,40,10
85,42,14
85,44,28
85,46,26
85,48,30
85,50,25
85,52,3
85,54,6
85,56,5
85,58,4
85,60,9
85,62,13
85,64,4
85,68,6
85,65,1
85,69,5
85,33,11
85,35,33
85,37,7
85,39,20
85,41,17
85,43,23
85,45,24
85,47,12
85,49,17
85,51,8
85,53,5
85,55,5
85,57,8
85,59,10
85,61,11
85,63,10
89,16,3
89,17,8
89,18,2
89,19,3
89,20,2
89,22,8
89,23,5
89,24,7
89,26,7
89,27,1
89,28,11
89,29,7
89,30,6
89,31,20
89,32,7
89,34,6
89,36,30
89,38,53
89,40,35
89,42,25
89,44,45
89,46,43
89,48,58
89,50,15
89,52,5
89,54,8
89,56,5
89,58,1
89,60,4
89,62,3
89,64,7
89,68,2
89,65,12
89,33,1
89,35,50
89,37,35
89,39,42
89,41,10
89,43,16
89,45,42
89,47,45
89,49,4
89,51,18
89,53,2
89,55,4
89,57,7
89,59,1
89,61,8
89,63,5
89,66,2
89,67,3
93,16,8
93,18,10
93,20,8
93,21,2
93,22,5
93,24,3
93,25,10
93,26,2
93,27,15
93,28,5
93,29,20
93,30,23
93,31,13
93,32,34
93,34,45
93,36,75
93,38,17
93,40,35
93,42,26
93,44,7
93,46,14
93,48,23
93,50,8
93,52,20
93,54,12
93,56,4
93,60,5
93,62,13
93,64,7
93,65,2
93,69,3
93,33,25
93,35,30
93,37,37
93,39,16
93,41,25
93,43,11
93,45,18
93,47,24
93,49,28
93,51,11
93,53,11
93,55,21
93,59,4
93,61,1
93,63,10
97,16,2
97,17,2
97,20,2
97,21,1
97,22,17
97,23,7
97,24,2
97,25,14
97,26,18
97,27,2
97,28,17
97,29,16
97,30,8
97,32,7
97,34,17
97,36,5
97,38,21
97,40,10
97,42,6
97,44,7
97,46,3
97,48,5
97,52,16
97,58,3
97,62,5
97,64,5
97,68,2
97,65,4
97,33,4
97,35,14
97,37,21
97,39,8
97,41,9
97,43,7
97,45,22
97,47,6
97,49,3
97,51,28
97,53,6
97,59,1
97,61,1
97,63,12
97,66,2
97,70,5
101,20,1
101,21,6
101,22,4
101,24,3
101,27,15
101,28,10
101,30,13
101,31,2
101,32,2
101,34,3
101,36,21
101,38,24
101,40,15
101,42,48
101,44,7
101,48,3
101,50,23
101,52,27
101,54,18
101,56,15
101,58,2
101,60,1
101,68,10
101,65,3
101,33,26
101,35,9
101,37,15
101,39,23
101,41,30
101,43,12
101,49,16
101,51,24
101,53,7
101,55,21
101,57,2
101,61,5
101,66,9
101,70,3
101,67,12
105,19,4
105,21,1
105,25,20
105,26,21
105,27,13
105,28,9
105,29,9
105,30,5
105,31,4
105,32,19
105,34,75
105,36,57
105,38,19
105,40,23
105,42,10
105,44,11
105,46,5
105,48,6
105,52,13
105,68,9
105,69,11
105,33,10
105,35,144
105,37,101
105,39,12
105,41,18
105,43,19
105,45,3
105,47,3
105,49,16
105,51,1
105,70,8
109,18,1
109,19,2
109,21,1
109,25,6
109,26,2
109,27,22
109,30,1
109,31,3
109,32,1
109,34,8
109,36,11
109,38,60
109,40,12
109,42,25
109,46,21
109,48,11
109,50,1
109,33,6
109,35,2
109,37,14
109,39,57
109,41,17
109,43,18
109,45,7
109,47,8
109,49,11
113,18,9
113,21,2
113,23,2
113,24,30
113,25,10
113,29,2
113,36,12
113,38,83
113,40,73
113,42,105
113,44,28
113,46,9
113,48,4
113,50,7
113,35,10
113,37,51
113,39,75
113,41,93
113,43,20
113,45,21
113,47,4
113,49,4
117,21,5
117,22,6
117,28,2
117,30,8
117,31,27
117,32,21
117,36,16
117,38,36
117,42,3
117,44,5
117,48,8
117,33,22
117,35,6
117,37,38
117,39,10
117,41,8
117,43,10
117,45,6
117,47,8
121,29,3
121,30,2
121,31,3
121,32,2
121,34,4
121,36,3
121,38,3
121,33,3
121,35,6
121,37,8
33,14,6
33,21,4
33,28,1
33,29,2
33,30,2
33,36,11
33,38,3
33,40,1
33,60,7
33,62,4
33,68,8
33,69,3
33,39,4
35,15,4
35,22,12
35,23,8
35,29,6
35,30,4
35,31,2
35,34,2
35,36,8
35,38,4
35,40,1
35,58,14
35,60,1
35,62,1
35,72,7
35,73,7
35,33,1
35,35,1
35,39,2
35,57,25
35,59,12
35,61,3
35,70,2
35,74,2
35,71,8
37,16,4
37,21,6
37,24,2
37,25,2
37,31,3
37,32,3
37,36,7
37,40,3
37,58,7
37,60,1
37,64,5
37,76,5
37,77,8
37,37,5
37,57,13
37,59,3
37,63,4
37,78,29
37,71,2
39,12,5
39,13,2
39,16,1
39,17,1
39,21,6
39,26,2
39,27,3
39,32,2
39,34,1
39,36,8
39,38,2
39,50,1
39,52,1
39,58,4
39,62,7
39,72,2
39,33,3
39,35,2
39,41,3
39,51,8
39,57,18
39,61,3
39,63,22
39,78,16
41,12,1
41,13,3
41,15,2
41,16,4
41,17,5
41,18,3
41,19,19
41,20,4
41,21,8
41,22,3
41,23,9
41,24,10
41,25,12
41,26,3
41,27,3
41,28,3
41,29,5
41,30,1
41,32,2
41,36,11
41,38,14
41,40,1
41,48,13
41,56,27
41,60,15
41,62,9
41,68,4
41,73,2
41,35,9
41,37,19
41,39,10
41,41,2
41,49,8
41,55,7
41,57,33
41,59,22
41,61,3
41,66,2
41,78,10
41,67,3
43,15,6
43,17,25
43,18,12
43,19,14
43,20,12
43,21,4
43,26,3
43,27,8
43,28,3
43,29,2
43,30,3
43,31,6
43,32,3
43,34,11
43,36,5
43,40,9
43,42,2
43,44,9
43,46,4
43,50,7
43,54,3
43,56,6
43,58,7
43,60,19
43,76,4
43,73,2
43,77,1
43,33,11
43,35,5
43,37,7
43,41,6
43,45,7
43,47,21
43,55,10
43,57,5
43,59,31
43,61,4
43,70,4
43,74,4
43,78,22
43,75,6
45,15,2
45,16,10
45,17,5
45,18,10
45,19,17
45,20,1
45,22,1
45,23,3
45,26,6
45,28,8
45,31,4
45,32,1
45,34,145
45,36,1
45,38,11
45,40,2
45,42,21
45,44,14
45,48,3
45,50,7
45,52,31
45,54,4
45,58,17
45,60,4
45,62,8
45,72,6
45,73,2
45,33,25
45,35,5
45,37,2
45,39,6
45,41,19
45,43,10
45,45,16
45,47,9
45,51,13
45,53,18
45,55,3
45,61,5
45,63,8
45,70,2
45,74,2
45,78,8
45,71,2
45,75,3
47,12,2
47,13,4
47,14,7
47,15,3
47,16,3
47,17,4
47,18,4
47,19,26
47,20,18
47,21,5
47,22,11
47,23,2
47,24,4
47,25,1
47,26,12
47,27,23
47,28,11
47,29,12
47,31,4
47,32,11
47,34,10
47,36,56
47,38,25
47,40,7
47,42,3
47,44,21
47,46,7
47,50,3
47,52,5
47,54,15
47,56,16
47,58,4
47,60,6
47,62,5
47,64,3
47,68,13
47,76,8
47,65,4
47,69,7
47,73,2
47,77,4
47,33,6
47,35,33
47,37,51
47,39,12
47,41,6
47,45,22
47,47,5
47,49,19
47,51,18
47,53,7
47,55,2
47,57,7
47,59,4
47,61,7
47,63,1
47,66,3
47,70,11
47,67,5
47,71,16
49,14,2
49,15,9
49,16,15
49,17,5
49,18,8
49,19,23
49,20,11
49,21,26
49,22,34
49,23,8
49,24,9
49,25,2
49,28,5
49,29,4
49,30,7
49,31,13
49,32,4
49,34,26
49,36,14
49,38,8
49,40,6
49,42,3
49,44,13
49,46,7
49,48,24
49,50,18
49,54,31
49,58,6
49,62,3
49,64,2
49,68,5
49,72,8
49,73,3
49,33,16
49,35,25
49,37,2
49,39,5
49,41,4
49,43,2
49,45,21
49,47,14
49,49,24
49,51,5
49,53,15
49,55,24
49,57,11
49,59,1
49,61,3
49,63,2
49,66,4
49,70,4
49,74,6
49,67,1
49,71,3
49,75,3
51,16,9
51,17,25
51,18,22
51,19,11
51,20,30
51,21,14
51,22,13
51,23,8
51,24,4
51,25,8
51,26,8
51,27,5
51,28,9
51,29,8
51,30,15
51,31,11
51,32,6
51,34,10
51,36,13
51,38,10
51,40,17
51,42,5
51,44,16
51,46,12
51,48,16
51,50,26
51,52,16
51,54,12
51,56,5
51,58,6
51,62,6
51,68,12
51,72,10
51,69,7
51,73,7
51,33,28
51,35,8
51,37,8
51,39,9
51,41,10
51,43,16
51,45,9
51,47,26
51,49,9
51,51,22
51,53,8
51,57,7
51,63,2
51,66,2
51,70,18
51,67,7
51,71,10
53,15,4
53,16,12
53,17,68
53,18,19
53,19,11
53,20,15
53,21,7
53,22,27
53,23,1
53,28,7
53,29,36
53,31,4
53,32,12
53,34,15
53,36,15
53,40,17
53,42,17
53,44,39
53,46,16
53,48,18
53,50,9
53,52,22
53,54,34
53,56,12
53,58,5
53,60,10
53,62,4
53,64,4
53,68,9
53,65,2
53,69,9
53,33,23
53,35,18
53,37,4
53,39,3
53,41,15
53,43,13
53,45,20
53,47,13
53,49,22
53,51,3
53,53,20
53,55,8
53,57,7
53,59,6
53,61,4
53,63,7
53,66,3
53,70,12
53,67,2
53,71,2
55,15,10
55,20,8
55,21,11
55,22,1
55,23,11
55,24,16
55,25,23
55,26,12
55,27,8
55,28,11
55,29,30
55,30,6
55,31,12
55,32,13
55,34,20
55,36,8
55,38,10
55,40,9
55,42,36
55,44,57
55,46,20
55,48,32
55,50,20
55,52,3
55,54,5
55,56,7
55,60,1
55,62,6
55,64,10
55,68,15
55,65,17
55,69,8
55,33,16
55,35,14
55,37,13
55,39,18
55,41,12
55,43,31
55,45,22
55,47,44
55,49,23
55,51,13
55,53,24
55,55,2
55,61,7
55,63,2
55,66,5
55,67,5
57,15,9
57,20,13
57,21,21
57,22,31
57,23,29
57,24,9
57,25,11
57,26,22
57,27,18
57,28,10
57,29,35
57,30,18
57,31,25
57,32,14
57,34,49
57,36,25
57,38,19
57,40,47
57,42,24
57,44,23
57,46,24
57,48,31
57,50,21
57,52,31
57,54,11
57,56,3
57,58,3
57,60,3
57,62,13
57,64,6
57,68,7
57,65,9
57,69,4
57,33,13
57,35,48
57,37,38
57,39,30
57,41,25
57,43,16
57,45,48
57,47,23
57,49,35
57,51,23
57,53,15
57,55,2
57,57,4
57,59,6
57,61,6
57,66,15
57,67,21
59,15,10
59,20,14
59,21,15
59,22,12
59,23,26
59,24,34
59,25,6
59,26,20
59,27,18
59,28,34
59,29,27
59,30,30
59,31,26
59,32,20
59,34,37
59,36,39
59,38,13
59,40,23
59,42,20
59,44,49
59,46,17
59,48,20
59,50,22
59,52,3
59,54,11
59,56,11
59,58,13
59,62,8
59,64,20
59,68,2
59,65,19
59,69,4
59,33,34
59,35,51
59,37,18
59,39,19
59,41,21
59,43,36
59,45,37
59,47,18
59,49,28
59,51,19
59,53,28
59,55,6
59,57,16
59,59,5
59,63,2
59,66,1
59,67,3
59,83,11
61,15,9
61,20,9
61,21,3
61,22,17
61,23,18
61,24,11
61,25,5
61,26,10
61,27,31
61,28,24
61,29,30
61,30,16
61,31,45
61,32,45
61,34,29
61,36,61
61,38,20
61,40,27
61,42,20
61,44,20
61,46,27
61,48,8
61,50,33
61,52,27
61,54,5
61,56,18
61,58,8
61,60,7
61,62,21
61,64,2
61,68,4
61,80,8
61,65,8
61,69,4
61,81,5
61,33,30
61,35,47
61,37,44
61,39,53
61,41,28
61,43,40
61,45,21
61,47,7
61,49,35
61,51,21
61,53,25
61,55,22
61,57,13
61,59,2
61,61,15
61,63,10
61,66,5
61,70,2
61,79,7
63,15,5
63,16,4
63,17,3
63,18,7
63,19,3
63,20,15
63,21,16
63,22,17
63,23,13
63,24,6
63,25,17
63,26,31
63,27,32
63,28,50
63,29,23
63,30,46
63,31,15
63,32,25
63,34,18
63,36,41
63,38,56
63,40,44
63,42,31
63,44,41
63,46,21
63,48,10
63,50,22
63,52,33
63,54,46
63,56,10
63,58,2
63,60,4
63,62,3
63,64,8
63,68,2
63,33,34
63,35,42
63,37,49
63,39,48
63,41,32
63,43,44
63,45,23
63,47,16
63,49,25
63,51,24
63,53,20
63,55,22
63,57,8
63,59,9
63,61,1
63,66,2
63,70,3
63,74,9
63,67,1
63,75,7
66,15,2
66,16,6
66,17,6
66,18,1
66,19,2
66,20,4
66,21,11
66,22,32
66,23,30
66,24,16
66,25,30
66,26,12
66,27,29
66,28,16
66,29,35
66,30,84
66,31,14
66,32,13
66,34,56
66,36,28
66,38,36
66,40,38
66,42,18
66,44,12
66,46,15
66,48,24
66,50,19
66,52,32
66,54,18
66,56,12
66,58,5
66,60,4
66,64,4
66,68,4
66,72,2
66,73,2
66,33,24
66,35,53
66,37,21
66,39,45
66,41,16
66,43,45
66,45,29
66,47,14
66,49,12
66,51,24
66,53,13
66,55,15
66,57,3
66,59,4
66,61,2
66,63,1
66,70,9
66,74,9
66,67,2
66,71,8
70,13,4
70,17,1
70,18,6
70,19,1
70,20,5
70,21,17
70,22,16
70,23,8
70,24,14
70,25,32
70,26,25
70,27,31
70,28,34
70,29,54
70,30,92
70,31,64
70,32,41
70,34,26
70,36,83
70,38,19
70,40,37
70,42,17
70,44,46
70,46,19
70,48,78
70,50,51
70,52,38
70,54,20
70,56,10
70,58,17
70,60,3
70,62,10
70,64,16
70,68,6
70,65,10
70,69,18
70,33,24
70,35,59
70,37,34
70,39,23
70,41,35
70,43,15
70,45,45
70,47,33
70,49,43
70,51,39
70,53,7
70,55,3
70,57,9
70,59,5
70,61,2
70,63,9
70,67,2
70,71,3
74,19,7
74,20,13
74,21,11
74,22,8
74,23,15
74,24,8
74,25,39
74,26,32
74,27,12
74,28,17
74,29,17
74,30,30
74,31,38
74,32,53
74,34,41
74,36,36
74,38,38
74,40,42
74,42,10
74,44,24
74,46,23
74,48,11
74,50,12
74,52,47
74,54,26
74,56,40
74,58,14
74,60,6
74,68,5
74,72,8
74,69,4
74,73,9
74,77,16
74,33,40
74,35,36
74,37,29
74,39,26
74,41,15
74,43,20
74,45,16
74,47,19
74,49,15
74,51,30
74,53,45
74,55,51
74,57,8
74,59,8
74,61,1
74,63,3
74,66,3
74,70,54
74,74,5
74,78,27
74,71,16
74,79,47
78,14,7
78,15,10
78,16,2
78,20,9
78,21,4
78,22,1
78,24,8
78,25,20
78,26,27
78,27,6
78,28,23
78,29,52
78,30,24
78,31,13
78,32,10
78,34,4
78,36,15
78,38,31
78,40,51
78,42,50
78,44,25
78,46,16
78,48,42
78,50,57
78,52,26
78,54,11
78,56,5
78,58,9
78,60,2
78,62,8
78,64,2
78,72,3
78,76,7
78,33,21
78,35,19
78,37,27
78,39,38
78,41,33
78,43,24
78,45,19
78,47,19
78,49,43
78,51,35
78,53,18
78,55,11
78,57,13
78,59,6
78,61,7
78,63,4
78,70,3
78,74,6
78,71,1
78,75,5
82,14,7
82,15,12
82,16,3
82,18,6
82,19,10
82,21,4
82,22,12
82,23,17
82,24,3
82,25,18
82,26,33
82,27,38
82,28,17
82,29,17
82,30,18
82,31,21
82,32,15
82,34,12
82,36,110
82,38,24
82,40,40
82,42,26
82,44,20
82,46,20
82,48,7
82,50,12
82,52,68
82,54,31
82,56,5
82,58,3
82,60,2
82,62,5
82,64,5
82,68,3
82,65,15
82,69,6
82,33,12
82,35,6
82,37,128
82,39,34
82,41,29
82,43,17
82,45,9
82,47,24
82,49,19
82,51,37
82,53,24
82,55,19
82,57,2
82,59,5
82,61,3
82,63,4
82,66,11
82,70,3
82,67,3
86,17,7
86,18,2
86,19,4
86,20,7
86,21,6
86,22,3
86,23,4
86,24,40
86,25,24
86,26,6
86,27,8
86,28,23
86,29,4
86,31,5
86,32,7
86,34,6
86,36,23
86,38,22
86,40,12
86,42,11
86,44,37
86,46,9
86,48,41
86,50,21
86,52,7
86,54,7
86,56,7
86,58,7
86,60,6
86,62,3
86,64,2
86,68,12
86,65,5
86,69,3
86,33,6
86,35,22
86,37,12
86,39,13
86,41,9
86,43,19
86,45,10
86,47,27
86,49,18
86,51,8
86,53,8
86,55,8
86,57,10
86,59,3
86,61,1
86,63,5
86,66,7
86,67,12
90,16,4
90,17,11
90,20,3
90,22,5
90,23,7
90,24,7
90,25,4
90,27,9
90,28,9
90,30,16
90,31,7
90,32,16
90,34,19
90,36,51
90,38,42
90,40,23
90,42,22
90,44,28
90,46,17
90,48,14
90,50,14
90,52,5
90,54,5
90,56,10
90,60,1
90,62,3
90,64,9
90,68,2
90,65,5
90,69,4
90,33,16
90,35,45
90,37,25
90,39,19
90,41,17
90,43,25
90,45,2
90,47,18
90,49,13
90,51,4
90,55,7
90,57,1
90,59,2
90,61,4
94,15,2
94,16,7
94,18,9
94,19,3
94,20,4
94,21,9
94,22,1
94,23,7
94,24,5
94,25,4
94,26,7
94,27,24
94,28,15
94,29,28
94,30,12
94,31,10
94,32,21
94,34,12
94,36,7
94,38,39
94,40,11
94,42,7
94,44,17
94,46,22
94,48,22
94,50,11
94,52,7
94,54,3
94,56,36
94,58,3
94,64,3
94,65,2
94,69,3
94,33,23
94,35,50
94,37,46
94,39,18
94,41,24
94,43,36
94,45,12
94,47,19
94,49,30
94,51,49
94,53,2
94,55,25
94,57,3
94,59,7
94,63,8
94,66,1
98,17,5
98,18,3
98,19,20
98,20,1
98,21,6
98,22,11
98,23,7
98,24,7
98,25,19
98,26,7
98,28,6
98,29,7
98,32,5
98,34,12
98,36,5
98,38,19
98,40,12
98,42,4
98,44,7
98,48,5
98,50,6
98,52,37
98,54,9
98,56,8
98,58,1
98,60,3
98,62,2
98,68,2
98,69,5
98,33,14
98,35,11
98,37,20
98,39,10
98,41,11
98,43,13
98,45,15
98,47,3
98,49,7
98,51,19
98,53,15
98,55,7
98,59,11
98,61,6
98,63,10
98,66,2
98,70,1
98,67,5
98,71,5
102,20,1
102,21,7
102,23,4
102,24,2
102,25,2
102,26,7
102,27,11
102,28,1
102,29,7
102,30,4
102,31,18
102,32,4
102,34,8
102,36,20
102,38,15
102,42,31
102,44,8
102,48,3
102,50,7
102,52,14
102,54,66
102,56,8
102,58,5
102,60,6
102,62,2
102,64,3
102,68,6
102,65,4
102,69,6
102,33,27
102,35,4
102,37,16
102,39,11
102,41,16
102,43,4
102,49,8
102,51,13
102,53,26
102,55,26
102,57,7
102,59,5
102,61,3
102,63,2
102,66,3
102,70,5
106,19,3
106,21,2
106,25,17
106,26,24
106,27,11
106,28,3
106,29,5
106,30,1
106,32,8
106,34,22
106,36,8
106,38,44
106,40,13
106,42,27
106,44,8
106,48,2
106,50,1
106,52,6
106,33,42
106,35,4
106,37,36
106,39,16
106,41,18
106,43,81
106,47,2
106,49,22
106,51,9
110,18,8
110,19,11
110,20,10
110,21,12
110,22,19
110,23,7
110,24,4
110,25,4
110,26,25
110,27,3
110,30,1
110,32,3
110,34,9
110,36,9
110,38,57
110,40,16
110,42,19
110,46,19
110,48,7
110,35,3
110,37,22
110,39,15
110,43,20
110,45,33
110,47,13
110,49,5
114,18,9
114,19,8
114,20,5
114,21,8
114,22,5
114,23,5
114,29,1
114,36,15
114,38,16
114,40,25
114,42,4
114,44,9
114,46,20
114,48,4
114,50,6
114,37,9
114,39,18
114,41,39
114,45,61
114,47,9
118,21,1
118,22,17
118,28,2
118,31,4
118,32,13
118,34,10
118,36,8
118,38,2
118,42,7
118,44,2
118,33,14
118,37,2
118,39,3
118,41,13
122,36,3
122,37,11
67,15,1
67,16,2
67,17,2
67,18,6
67,19,7
67,20,17
67,21,17
67,22,7
67,23,25
67,24,12
67,25,17
67,26,33
67,27,41
67,28,43
67,29,10
67,30,61
67,31,24
67,32,20
67,34,37
67,36,23
67,38,48
67,40,60
67,42,13
67,44,56
67,46,20
67,48,18
67,50,22
67,52,53
67,54,13
67,56,16
67,58,7
67,68,9
67,69,15
67,73,9
67,33,21
67,35,53
67,37,29
67,39,62
67,41,29
67,43,20
67,45,18
67,47,30
67,49,20
67,51,12
67,55,11
67,57,10
67,59,9
67,61,2
67,63,5
67,70,10
67,74,2
67,71,4
71,13,3
71,14,2
71,18,1
71,19,8
71,20,1
71,21,5
71,22,18
71,23,24
71,24,10
71,25,30
71,26,38
71,27,70
71,28,57
71,29,24
71,30,82
71,31,46
71,32,44
71,34,37
71,36,50
71,38,36
71,40,33
71,42,15
71,44,33
71,46,20
71,48,50
71,50,66
71,52,26
71,54,8
71,56,8
71,58,10
71,60,7
71,62,15
71,64,7
71,65,6
71,69,11
71,33,34
71,35,35
71,37,43
71,39,40
71,41,67
71,43,15
71,45,30
71,47,17
71,49,43
71,51,38
71,53,12
71,55,12
71,57,9
71,59,3
71,61,6
71,63,3
71,70,7
71,67,1
71,71,3
75,16,1
75,17,3
75,18,12
75,19,12
75,22,13
75,23,6
75,24,6
75,25,26
75,26,7
75,27,16
75,28,19
75,29,18
75,30,38
75,31,29
75,32,39
75,34,38
75,36,35
75,38,25
75,40,70
75,42,28
75,44,31
75,46,15
75,48,31
75,50,28
75,52,46
75,54,8
75,56,45
75,58,36
75,60,2
75,62,1
75,68,6
75,72,22
75,76,16
75,69,12
75,73,16
75,77,4
75,33,37
75,35,21
75,37,36
75,39,39
75,41,30
75,43,14
75,45,28
75,47,36
75,49,26
75,51,38
75,53,25
75,55,44
75,57,25
75,59,12
75,61,8
75,63,2
75,66,2
75,70,39
75,74,18
75,71,28
75,75,18
79,13,7
79,14,7
79,16,2
79,17,1
79,19,2
79,20,7
79,21,4
79,22,3
79,23,6
79,24,8
79,25,9
79,26,37
79,27,35
79,28,15
79,29,22
79,30,34
79,31,30
79,32,20
79,34,21
79,36,24
79,38,24
79,40,59
79,42,46
79,44,20
79,46,8
79,48,61
79,50,44
79,52,44
79,54,15
79,58,10
79,62,6
79,64,4
79,65,2
79,69,2
79,73,1
79,33,27
79,35,17
79,37,37
79,39,26
79,41,27
79,43,13
79,45,13
79,47,27
79,49,44
79,51,82
79,53,23
79,55,1
79,57,5
79,59,7
79,61,3
79,63,4
79,66,1
79,70,1
79,74,8
79,71,6
79,75,8
83,16,7
83,17,9
83,18,11
83,20,8
83,21,2
83,22,5
83,23,4
83,24,11
83,25,15
83,26,9
83,27,17
83,28,21
83,29,12
83,30,22
83,31,13
83,32,7
83,34,22
83,36,47
83,38,31
83,40,27
83,42,25
83,44,20
83,46,46
83,48,16
83,50,17
83,52,57
83,54,16
83,56,3
83,58,2
83,62,2
83,64,3
83,68,1
83,65,4
83,69,4
83,33,12
83,35,21
83,37,66
83,39,17
83,41,28
83,43,24
83,45,32
83,47,38
83,49,7
83,51,23
83,53,16
83,55,20
83,59,1
83,66,2
83,70,4
83,67,2
87,17,7
87,18,4
87,19,1
87,20,2
87,21,19
87,23,1
87,24,8
87,25,5
87,26,21
87,27,7
87,28,9
87,29,6
87,31,5
87,32,5
87,34,4
87,36,32
87,38,22
87,40,8
87,42,12
87,44,37
87,46,12
87,48,26
87,50,10
87,52,7
87,54,10
87,56,5
87,58,2
87,62,3
87,68,7
87,69,3
87,33,1
87,35,20
87,37,14
87,39,14
87,41,9
87,43,14
87,45,14
87,47,32
87,49,35
87,53,3
87,55,6
87,57,2
87,59,8
87,66,9
87,67,5
91,16,6
91,17,9
91,20,4
91,21,1
91,22,6
91,23,6
91,24,19
91,25,6
91,26,6
91,27,9
91,28,22
91,29,15
91,30,8
91,31,21
91,32,32
91,34,31
91,36,39
91,38,17
91,40,14
91,42,35
91,44,16
91,46,24
91,48,30
91,50,16
91,52,17
91,54,16
91,56,8
91,58,3
91,62,3
91,64,10
91,65,5
91,69,3
91,33,33
91,35,37
91,37,28
91,39,25
91,41,36
91,43,30
91,45,7
91,47,22
91,49,12
91,51,21
91,53,12
91,55,12
91,59,1
91,61,4
91,70,1
95,16,7
95,17,2
95,18,1
95,19,24
95,20,2
95,21,9
95,22,3
95,23,4
95,24,9
95,25,2
95,26,13
95,27,22
95,28,6
95,30,6
95,31,9
95,32,9
95,34,23
95,36,11
95,38,49
95,40,5
95,42,9
95,44,15
95,46,11
95,50,27
95,52,7
95,69,3
95,33,21
95,35,20
95,37,44
95,39,13
95,41,24
95,43,12
95,45,12
95,47,21
95,49,5
95,51,41
95,59,2
95,63,12
95,66,2
95,67,1
99,17,1
99,18,15
99,19,15
99,20,8
99,21,7
99,22,6
99,23,4
99,24,3
99,25,16
99,26,22
99,27,9
99,28,11
99,29,30
99,30,1
99,31,2
99,32,4
99,34,13
99,36,7
99,38,18
99,40,3
99,42,14
99,44,16
99,48,1
99,50,19
99,52,23
99,54,4
99,56,1
99,58,9
99,60,15
99,62,7
99,64,20
99,65,9
99,69,2
99,33,14
99,35,10
99,37,22
99,39,23
99,41,12
99,43,26
99,45,18
99,47,3
99,49,7
99,51,11
99,53,15
99,57,9
99,59,9
99,61,22
99,66,3
99,70,6
99,67,5
103,20,4
103,21,4
103,22,2
103,23,1
103,24,3
103,25,11
103,26,5
103,27,9
103,28,5
103,29,5
103,30,1
103,31,8
103,32,16
103,34,14
103,36,35
103,38,21
103,40,13
103,42,33
103,44,6
103,48,3
103,50,16
103,68,9
103,33,9
103,35,5
103,37,12
103,39,23
103,41,6
103,43,9
103,49,6
103,51,12
103,53,16
103,70,6
107,19,3
107,21,1
107,24,1
107,25,3
107,28,3
107,29,9
107,30,7
107,31,32
107,32,24
107,34,6
107,36,7
107,38,8
107,40,23
107,42,61
107,44,7
107,48,21
107,50,7
107,33,37
107,37,21
107,39,25
107,41,50
107,43,47
107,45,2
107,47,8
107,49,15
107,51,9
111,18,17
111,21,2
111,22,6
111,23,14
111,25,25
111,26,35
111,30,2
111,34,3
111,36,14
111,38,39
111,40,21
111,42,23
111,44,19
111,46,3
111,48,13
111,33,3
111,35,20
111,37,20
111,39,22
111,41,5
111,43,15
111,45,17
111,47,2
111,49,13
115,18,12
115,19,4
115,21,3
115,28,1
115,29,1
115,30,16
115,31,15
115,32,11
115,36,11
115,38,13
115,40,10
115,42,8
115,44,2
115,46,9
115,48,7
115,50,1
115,33,4
115,37,9
115,39,7
115,41,7
115,45,2
115,47,2
115,49,8
119,22,5
119,28,3
119,34,10
119,36,3
119,40,6
119,42,52
119,35,7
119,37,13
119,39,5
119,41,4
